{"cameraMode":{"drawMode":0,"name":"Shaded","section":"Shading Mode"},"sceneLighting":true,"audioPlay":false,"sceneViewState":{"m_AlwaysRefresh":true,"showFog":true,"showSkybox":true,"showFlares":true,"showImageEffects":true,"showParticleSystems":true,"showVisualEffectGraphs":true,"m_FxEnabled":false},"in2DMode":false,"pivot":{"x":0.7949852347373962,"y":-1.74349045753479,"z":18.3629207611084},"rotation":{"x":0.023574892431497575,"y":-0.07993406057357788,"z":0.001968399388715625,"w":0.9965405464172363},"size":14.795398712158204,"orthographic":true}